Investigator,Contact_Person,Tag_ID,Species,Length_cm,Weight_kg,Stock_Area,Start_Date,End_Date,Days/Area
CAN_DFO,A_Hanke,91284,BFT,,181,W_ATL,2009-08-19,2009-10-17,60
CAN_DFO,A_Hanke,93550,BFT,,45,W_ATL,2009-09-11,2010-03-07,178
CAN_DFO,A_Hanke,93557,BFT,259,227,W_ATL,2009-08-12,2009-12-01,112
CAN_DFO,A_Hanke,93558,BFT,244,45,W_ATL,2009-08-16,2009-10-17,63
CAN_DFO,A_Hanke,95418,BFT,274,295,W_ATL,2009-08-08,2009-08-27,20
CAN_DFO,A_Hanke,95418,BFT,274,295,C_ATL,2009-08-30,2009-09-25,27
CAN_DFO,A_Hanke,95418,BFT,274,295,W_ATL,2009-09-25,2009-09-25,1
CAN_DFO,A_Hanke,95418,BFT,274,295,C_ATL,2009-09-28,2009-11-29,63
CAN_DFO,A_Hanke,132813,BFT,216,181,GSL,2013-10-30,2013-10-31,2
CAN_DFO,A_Hanke,132813,BFT,216,181,W_ATL,2013-11-02,2013-11-08,7
CAN_DFO,A_Hanke,132813,BFT,216,181,GSL,2013-11-10,2013-12-02,23
CAN_DFO,A_Hanke,132813,BFT,216,181,W_ATL,2013-12-04,2013-12-04,1
CAN_DFO,A_Hanke,132813,BFT,216,181,GSL,2013-12-06,2013-12-12,7
CAN_DFO,A_Hanke,132813,BFT,216,181,W_ATL,2013-12-12,2014-01-06,26
CAN_DFO,A_Hanke,132813,BFT,216,181,C_ATL,2014-01-06,2014-01-19,14
CAN_DFO,A_Hanke,132813,BFT,216,181,E_ATL,2014-01-21,2014-02-13,24
CAN_DFO,A_Hanke,132813,BFT,216,181,C_ATL,2014-02-15,2014-03-15,29
CAN_DFO,A_Hanke,132813,BFT,216,181,E_ATL,2014-03-17,2014-03-26,10
CAN_DFO,A_Hanke,132813,BFT,216,181,C_ATL,2014-03-29,2014-04-01,4
CAN_DFO,A_Hanke,132813,BFT,216,181,E_ATL,2014-04-01,2014-04-01,1
CAN_DFO,A_Hanke,132814,BFT,213,272,GSL,2013-10-31,2013-11-03,4
CAN_DFO,A_Hanke,132814,BFT,213,272,W_ATL,2013-11-05,2014-02-27,115
CAN_DFO,A_Hanke,132815,BFT,216,238,GSL,2013-10-31,2013-11-03,4
CAN_DFO,A_Hanke,132815,BFT,216,238,W_ATL,2013-11-05,2014-06-24,232
CAN_DFO,A_Hanke,132817,BFT,216,227,GSL,2013-11-02,2013-11-03,2
CAN_DFO,A_Hanke,132817,BFT,216,227,W_ATL,2013-11-05,2013-11-05,1
CAN_DFO,A_Hanke,132817,BFT,216,227,GSL,2013-11-05,2013-11-05,1
CAN_DFO,A_Hanke,132817,BFT,216,227,W_ATL,2013-11-05,2014-01-10,67
CAN_DFO,A_Hanke,132817,BFT,216,227,C_ATL,2014-01-10,2014-01-23,14
CAN_DFO,A_Hanke,132817,BFT,216,227,E_ATL,2014-01-23,2014-01-29,7
CAN_DFO,A_Hanke,132817,BFT,216,227,C_ATL,2014-01-29,2014-02-16,19
CAN_DFO,A_Hanke,140225,BFT,216,249,GSL,2014-09-16,2014-09-27,12
CAN_DFO,A_Hanke,140225,BFT,216,249,W_ATL,2014-09-27,2014-09-28,2
CAN_DFO,A_Hanke,140225,BFT,216,249,GSL,2014-09-28,2014-10-01,4
CAN_DFO,A_Hanke,140225,BFT,216,249,W_ATL,2014-10-02,2014-10-14,13
CAN_DFO,A_Hanke,140225,BFT,216,249,GSL,2014-10-14,2014-10-17,4
CAN_DFO,A_Hanke,140225,BFT,216,249,W_ATL,2014-10-17,2014-10-18,2
CAN_DFO,A_Hanke,140225,BFT,216,249,GSL,2014-10-18,2014-10-30,13
CAN_DFO,A_Hanke,140225,BFT,216,249,W_ATL,2014-10-30,2015-01-14,77
CAN_DFO,A_Hanke,140225,BFT,216,249,GSL,2015-01-15,2015-01-16,2
CAN_DFO,A_Hanke,140225,BFT,216,249,W_ATL,2015-01-17,2015-01-17,1
CAN_DFO,A_Hanke,140225,BFT,216,249,GSL,2015-01-18,2015-01-18,1
CAN_DFO,A_Hanke,140225,BFT,216,249,W_ATL,2015-01-18,2015-02-01,15
CAN_DFO,A_Hanke,140227,BFT,203,204,GSL,2014-09-17,2014-11-11,56
CAN_DFO,A_Hanke,140227,BFT,203,204,W_ATL,2014-11-11,2014-11-16,6
CAN_DFO,A_Hanke,140227,BFT,203,204,GSL,2014-11-16,2014-11-16,1
CAN_DFO,A_Hanke,140227,BFT,203,204,W_ATL,2014-11-17,2014-12-10,24
CAN_DFO,A_Hanke,140228,BFT,216,227,GSL,2014-09-17,2014-09-26,10
CAN_DFO,A_Hanke,140228,BFT,216,227,W_ATL,2014-09-26,2014-10-15,20
CAN_DFO,A_Hanke,140228,BFT,216,227,GSL,2014-10-15,2014-10-24,10
CAN_DFO,A_Hanke,140228,BFT,216,227,W_ATL,2014-10-24,2015-01-19,88
CAN_DFO,A_Hanke,140230,BFT,216,249,GSL,2014-09-16,2014-10-18,33
CAN_DFO,A_Hanke,140230,BFT,216,249,W_ATL,2014-10-18,2015-02-01,107
CAN_DFO,A_Hanke,140234,BFT,279,363,GSL,2014-09-17,2014-10-01,15
CAN_DFO,A_Hanke,140234,BFT,279,363,W_ATL,2014-10-01,2014-11-08,39
CAN_DFO,A_Hanke,140234,BFT,279,363,GSL,2014-11-09,2014-11-16,8
CAN_DFO,A_Hanke,140234,BFT,279,363,W_ATL,2014-11-17,2015-02-06,82
ICCAT_GBYP,A_DiNatale,120081,BFT,203,,SE_ATL,2012-05-16,2012-05-19,4
ICCAT_GBYP,A_DiNatale,120081,BFT,203,,W_MED,2012-05-20,2012-06-20,32
ICCAT_GBYP,A_DiNatale,120084,BFT,238,,SE_ATL,2012-05-16,2012-06-24,40
ICCAT_GBYP,A_DiNatale,120085,BFT,,190,SE_ATL,2012-05-16,2012-05-19,4
ICCAT_GBYP,A_DiNatale,120085,BFT,,190,W_MED,2012-05-20,2012-05-29,10
ICCAT_GBYP,A_DiNatale,120086,BFT,206,,SE_ATL,2012-05-16,2012-05-18,3
ICCAT_GBYP,A_DiNatale,120086,BFT,206,,W_MED,2012-05-19,2012-06-21,34
ICCAT_GBYP,A_DiNatale,120087,BFT,,260,SE_ATL,2012-05-16,2012-05-18,3
ICCAT_GBYP,A_DiNatale,120087,BFT,,260,W_MED,2012-05-19,2012-06-01,14
ICCAT_GBYP,A_DiNatale,120088,BFT,265,,SE_ATL,2012-05-16,2012-06-20,36
ICCAT_GBYP,A_DiNatale,120089,BFT,241,,SE_ATL,2012-05-16,2012-06-01,17
ICCAT_GBYP,A_DiNatale,120091,BFT,126,,SE_ATL,2012-10-13,2012-10-13,1
ICCAT_GBYP,A_DiNatale,120091,BFT,126,,W_MED,2012-10-14,2012-11-11,29
ICCAT_GBYP,A_DiNatale,120092,BFT,126,,SE_ATL,2012-10-13,2012-10-13,1
ICCAT_GBYP,A_DiNatale,120092,BFT,126,,W_MED,2012-10-14,2012-12-10,58
ICCAT_GBYP,A_DiNatale,120092,BFT,126,,SE_ATL,2012-12-11,2013-03-09,89
ICCAT_GBYP,A_DiNatale,120092,BFT,126,,W_MED,2013-03-10,2013-03-15,6
ICCAT_GBYP,A_DiNatale,120092,BFT,126,,SE_ATL,2013-03-16,2013-03-17,2
ICCAT_GBYP,A_DiNatale,120092,BFT,126,,W_MED,2013-03-18,2013-03-22,5
ICCAT_GBYP,A_DiNatale,120093,BFT,124,,SE_ATL,2012-11-14,2012-11-14,1
ICCAT_GBYP,A_DiNatale,120093,BFT,124,,W_MED,2012-11-15,2013-08-16,275
ICCAT_GBYP,A_DiNatale,120094,BFT,124,,SE_ATL,2012-11-10,2012-11-11,2
ICCAT_GBYP,A_DiNatale,120094,BFT,124,,W_MED,2012-11-12,2012-11-16,5
ICCAT_GBYP,A_DiNatale,120094,BFT,124,,SE_ATL,2012-11-17,2013-02-06,82
ICCAT_GBYP,A_DiNatale,120094,BFT,124,,W_MED,2013-02-07,2013-04-17,70
ICCAT_GBYP,A_DiNatale,120094,BFT,124,,SE_ATL,2013-04-18,2013-04-20,3
ICCAT_GBYP,A_DiNatale,120094,BFT,124,,W_MED,2013-04-21,2013-06-26,67
ICCAT_GBYP,A_DiNatale,120095,BFT,96,,W_MED,2012-10-01,2013-01-30,122
ICCAT_GBYP,A_DiNatale,120096,BFT,115,,SE_ATL,2012-10-31,2012-11-15,16
ICCAT_GBYP,A_DiNatale,120097,BFT,102,,W_MED,2012-10-02,2013-05-28,239
ICCAT_GBYP,A_DiNatale,120100,BFT,94,,SE_ATL,2012-10-14,2012-10-14,1
ICCAT_GBYP,A_DiNatale,120100,BFT,94,,W_MED,2012-10-15,2012-12-13,60
ICCAT_GBYP,A_DiNatale,120103,BFT,129,,SE_ATL,2012-10-20,2012-10-20,1
ICCAT_GBYP,A_DiNatale,120103,BFT,129,,W_MED,2012-10-21,2013-05-06,198
ICCAT_GBYP,A_DiNatale,120105,BFT,124,,SE_ATL,2012-10-13,2012-10-13,1
ICCAT_GBYP,A_DiNatale,120105,BFT,124,,W_MED,2012-10-14,2012-10-30,17
ICCAT_GBYP,A_DiNatale,120105,BFT,124,,SE_ATL,2012-10-31,2012-11-12,13
ICCAT_GBYP,A_DiNatale,120105,BFT,124,,W_MED,2012-11-13,2012-11-21,9
ICCAT_GBYP,A_DiNatale,120107,BFT,99,,SE_ATL,2012-11-09,2012-11-09,1
ICCAT_GBYP,A_DiNatale,120107,BFT,99,,W_MED,2012-11-10,2013-05-03,175
ICCAT_GBYP,A_DiNatale,120108,BFT,115,,SE_ATL,2012-10-21,2013-05-12,204
ICCAT_GBYP,A_DiNatale,120108,BFT,115,,W_MED,2013-05-13,2013-05-20,8
ICCAT_GBYP,A_DiNatale,120109,BFT,107,,SE_ATL,2012-10-12,2012-10-12,1
ICCAT_GBYP,A_DiNatale,120109,BFT,107,,W_MED,2012-10-13,2012-12-26,75
ICCAT_GBYP,A_DiNatale,120109,BFT,107,,SE_ATL,2012-12-27,2013-05-04,129
ICCAT_GBYP,A_DiNatale,120109,BFT,107,,W_MED,2013-05-05,2013-05-08,4
ICCAT_GBYP,A_DiNatale,120110,BFT,105,,SE_ATL,2012-10-14,2012-10-14,1
ICCAT_GBYP,A_DiNatale,120110,BFT,105,,W_MED,2012-10-15,2013-06-25,254
ICCAT_GBYP,A_DiNatale,120111,BFT,113,,SE_ATL,2012-10-12,2012-10-12,1
ICCAT_GBYP,A_DiNatale,120111,BFT,113,,W_MED,2012-10-13,2012-12-31,80
ICCAT_GBYP,A_DiNatale,120112,BFT,99,,W_MED,2012-10-02,2012-12-16,76
ICCAT_GBYP,A_DiNatale,120113,BFT,94,,W_MED,2012-10-08,2012-12-24,78
ICCAT_GBYP,A_DiNatale,120114,BFT,108,,E_ATL,2012-08-18,2012-09-19,33
ICCAT_GBYP,A_DiNatale,120115,BFT,105,,E_ATL,2012-08-18,2012-12-21,126
ICCAT_GBYP,A_DiNatale,120116,BFT,105,,E_ATL,2012-08-18,2012-11-11,86
ICCAT_GBYP,A_DiNatale,120117,BFT,105,,E_ATL,2012-08-07,2012-09-28,53
ICCAT_GBYP,A_DiNatale,120118,BFT,105,,E_ATL,2012-08-18,2012-09-24,38
ICCAT_GBYP,A_DiNatale,120119,BFT,105,,E_ATL,2012-08-18,2012-10-07,51
ICCAT_GBYP,A_DiNatale,120119,BFT,105,,W_MED,2012-10-08,2012-10-08,1
ICCAT_GBYP,A_DiNatale,120119,BFT,105,,E_ATL,2012-10-09,2012-10-11,3
ICCAT_GBYP,A_DiNatale,120121,BFT,107,,E_ATL,2012-08-07,2013-01-13,160
ICCAT_GBYP,A_DiNatale,120121,BFT,107,,SE_ATL,2013-01-14,2013-02-10,28
ICCAT_GBYP,A_DiNatale,120121,BFT,107,,E_ATL,2013-02-11,2013-07-04,144
ICCAT_GBYP,A_DiNatale,120121,BFT,107,,SE_ATL,2013-07-05,2013-07-22,18
ICCAT_GBYP,A_DiNatale,120121,BFT,107,,E_ATL,2013-07-23,2013-07-31,9
ICCAT_GBYP,A_DiNatale,120121,BFT,107,,SE_ATL,2013-08-01,2013-08-02,2
ICCAT_GBYP,A_DiNatale,120123,BFT,105,,E_ATL,2012-08-18,2012-10-01,45
ICCAT_GBYP,A_DiNatale,120125,BFT,107,,E_ATL,2012-08-18,2012-10-19,63
ICCAT_GBYP,A_DiNatale,120126,BFT,106,,E_ATL,2012-08-18,2012-12-12,117
ICCAT_GBYP,A_DiNatale,120127,BFT,101,,SE_ATL,2012-10-13,2012-10-13,1
ICCAT_GBYP,A_DiNatale,120127,BFT,101,,W_MED,2012-10-14,2012-11-15,33
ICCAT_GBYP,A_DiNatale,120127,BFT,101,,SE_ATL,2012-11-16,2013-03-19,124
ICCAT_GBYP,A_DiNatale,120127,BFT,101,,W_MED,2013-03-20,2013-06-10,83
ICCAT_GBYP,A_DiNatale,120128,BFT,127,,SE_ATL,2012-10-16,2012-10-16,1
ICCAT_GBYP,A_DiNatale,120128,BFT,127,,W_MED,2012-10-17,2012-12-03,48
ICCAT_GBYP,A_DiNatale,120128,BFT,127,,SE_ATL,2012-12-04,2013-01-15,43
ICCAT_GBYP,A_DiNatale,130543,BFT,245,,SE_ATL,2013-05-20,2013-06-11,23
ICCAT_GBYP,A_DiNatale,130543,BFT,245,,W_MED,2013-06-12,2013-07-17,36
ICCAT_GBYP,A_DiNatale,130543,BFT,245,,SE_ATL,2013-07-18,2013-07-18,1
ICCAT_GBYP,A_DiNatale,130545,BFT,232,,SE_ATL,2013-05-20,2013-06-02,14
ICCAT_GBYP,A_DiNatale,130546,BFT,240,,SE_ATL,2013-05-20,2013-07-17,59
ICCAT_GBYP,A_DiNatale,130546,BFT,240,,E_ATL,2013-07-18,2013-07-26,9
ICCAT_GBYP,A_DiNatale,130546,BFT,240,,NE_ATL,2013-07-27,2013-07-29,3
ICCAT_GBYP,A_DiNatale,130546,BFT,240,,E_ATL,2013-07-30,2013-10-07,70
ICCAT_GBYP,A_DiNatale,130547,BFT,235,,SE_ATL,2013-05-20,2013-06-19,31
ICCAT_GBYP,A_DiNatale,130547,BFT,235,,E_ATL,2013-06-20,2013-07-06,17
ICCAT_GBYP,A_DiNatale,130547,BFT,235,,NE_ATL,2013-07-07,2013-07-24,18
ICCAT_GBYP,A_DiNatale,130548,BFT,227,,SE_ATL,2013-05-20,2013-06-02,14
ICCAT_GBYP,A_DiNatale,130548,BFT,227,,W_MED,2013-06-03,2013-06-13,11
ICCAT_GBYP,A_DiNatale,130548,BFT,227,,SE_ATL,2013-06-14,2013-07-01,18
ICCAT_GBYP,A_DiNatale,130550,BFT,240,,SE_ATL,2013-05-21,2013-05-21,1
ICCAT_GBYP,A_DiNatale,130550,BFT,240,,W_MED,2013-05-22,2013-07-03,43
ICCAT_GBYP,A_DiNatale,130550,BFT,240,,SE_ATL,2013-07-04,2013-07-19,16
ICCAT_GBYP,A_DiNatale,130551,BFT,212,,SE_ATL,2013-05-21,2013-05-22,2
ICCAT_GBYP,A_DiNatale,130551,BFT,212,,W_MED,2013-05-23,2013-09-06,107
ICCAT_GBYP,A_DiNatale,130552,BFT,220,,SE_ATL,2013-05-21,2013-05-27,7
ICCAT_GBYP,A_DiNatale,130552,BFT,220,,W_MED,2013-05-28,2013-06-01,5
ICCAT_GBYP,A_DiNatale,130553,BFT,105,,W_MED,2013-07-11,2013-11-02,115
ICCAT_GBYP,A_DiNatale,130554,BFT,105,,W_MED,2013-07-11,2013-09-25,77
ICCAT_GBYP,A_DiNatale,130555,BFT,103,,W_MED,2013-07-11,2013-09-01,53
ICCAT_GBYP,A_DiNatale,130556,BFT,102,,W_MED,2013-07-11,2014-01-03,177
ICCAT_GBYP,A_DiNatale,130558,BFT,100,,W_MED,2013-07-11,2013-09-14,66
ICCAT_GBYP,A_DiNatale,130560,BFT,122,,SE_ATL,2013-10-13,2013-10-14,2
ICCAT_GBYP,A_DiNatale,130560,BFT,122,,W_MED,2013-10-15,2013-12-19,66
ICCAT_GBYP,A_DiNatale,130560,BFT,122,,SE_ATL,2013-12-20,2013-12-20,1
ICCAT_GBYP,A_DiNatale,130561,BFT,59,,E_ATL,2013-07-26,2013-10-29,96
ICCAT_GBYP,A_DiNatale,130562,BFT,60,,E_ATL,2013-07-26,2013-09-06,43
ICCAT_GBYP,A_DiNatale,130563,BFT,60,,E_ATL,2013-07-26,2013-10-10,77
ICCAT_GBYP,A_DiNatale,130564,BFT,56,,E_ATL,2013-07-26,2013-09-04,41
ICCAT_GBYP,A_DiNatale,130565,BFT,63,,E_ATL,2013-07-26,2013-08-31,37
ICCAT_GBYP,A_DiNatale,130566,BFT,100,,E_ATL,2013-07-26,2013-09-10,47
ICCAT_GBYP,A_DiNatale,130567,BFT,98,,E_ATL,2013-07-26,2013-09-22,59
ICCAT_GBYP,A_DiNatale,130568,BFT,114,,SE_ATL,2013-09-24,2013-09-26,3
ICCAT_GBYP,A_DiNatale,130568,BFT,114,,W_MED,2013-09-27,2013-10-03,7
ICCAT_GBYP,A_DiNatale,130568,BFT,114,,SE_ATL,2013-10-04,2013-10-31,28
ICCAT_GBYP,A_DiNatale,130568,BFT,114,,W_MED,2013-11-01,2013-12-11,41
ICCAT_GBYP,A_DiNatale,130568,BFT,114,,SE_ATL,2013-12-12,2014-04-17,127
ICCAT_GBYP,A_DiNatale,130568,BFT,114,,W_MED,2014-04-18,2014-04-30,13
ICCAT_GBYP,A_DiNatale,130569,BFT,118,,SE_ATL,2013-09-30,2013-10-01,2
ICCAT_GBYP,A_DiNatale,130569,BFT,118,,W_MED,2013-10-02,2014-01-04,95
ICCAT_GBYP,A_DiNatale,130570,BFT,121,,SE_ATL,2013-09-24,2013-09-24,1
ICCAT_GBYP,A_DiNatale,130570,BFT,121,,W_MED,2013-09-25,2013-11-02,39
ICCAT_GBYP,A_DiNatale,130570,BFT,121,,SE_ATL,2013-11-03,2014-06-10,220
ICCAT_GBYP,A_DiNatale,130570,BFT,121,,W_MED,2014-06-11,2014-07-04,24
ICCAT_GBYP,A_DiNatale,130570,BFT,121,,SE_ATL,2014-07-05,2014-08-27,54
ICCAT_GBYP,A_DiNatale,130572,BFT,124,,SE_ATL,2013-10-04,2013-10-04,1
ICCAT_GBYP,A_DiNatale,130572,BFT,124,,W_MED,2013-10-05,2014-04-22,200
USA_NOAA,C_Brown,GOM_2010_001,BFT,240,200,GOM,2010-05-13,2010-06-07,26
USA_NOAA,C_Brown,GOM_2010_001,BFT,240,200,CAR,2010-06-08,2010-06-14,7
USA_NOAA,C_Brown,GOM_2010_001,BFT,240,200,W_ATL,2010-06-15,2010-08-11,58
USA_NOAA,C_Brown,GOM_2010_002,BFT,260,360,GOM,2010-05-22,2010-06-12,22
USA_NOAA,C_Brown,GOM_2010_002,BFT,260,360,CAR,2010-06-13,2010-06-20,8
USA_NOAA,C_Brown,GOM_2010_002,BFT,260,360,W_ATL,2010-06-21,2010-07-21,31
USA_NOAA,C_Brown,GOM_2010_002,BFT,260,360,GSL,2010-07-22,2010-08-20,30
USA_NOAA,C_Brown,GOM_2010_004,BFT,250,340,GOM,2010-05-22,2010-06-09,19
USA_NOAA,C_Brown,GOM_2010_004,BFT,250,340,CAR,2010-06-10,2010-06-13,4
USA_NOAA,C_Brown,GOM_2010_004,BFT,250,340,W_ATL,2010-06-14,2010-08-20,68
USA_NOAA,C_Brown,GOM_2010_005,BFT,260,360,GOM,2010-05-22,2010-06-05,15
USA_NOAA,C_Brown,GOM_2010_005,BFT,260,360,CAR,2010-06-06,2010-06-07,2
USA_NOAA,C_Brown,GOM_2010_005,BFT,260,360,W_ATL,2010-06-08,2010-08-21,75
USA_NOAA,C_Brown,GOM_2012_02,BFT,240,225,GOM,2012-03-02,2012-04-26,56
USA_NOAA,C_Brown,GOM_2012_04,BFT,240,225,GOM,2012-05-25,2012-06-03,10
USA_NOAA,C_Brown,GOM_2012_04,BFT,240,225,CAR,2012-06-04,2012-06-07,4
USA_NOAA,C_Brown,GOM_2012_04,BFT,240,225,W_ATL,2012-06-08,2012-08-14,68
USA_NOAA,C_Brown,GOM_2012_06,BFT,195,,GOM,2012-04-13,2012-05-19,37
USA_NOAA,C_Brown,GOM_2012_06,BFT,195,,CAR,2012-05-20,2012-05-26,7
USA_NOAA,C_Brown,GOM_2012_06,BFT,195,,W_ATL,2012-05-27,2012-06-04,9
USA_NOAA,C_Brown,GOM_2012_10,BFT,270,290,GOM,2012-03-22,2012-05-24,64
USA_NOAA,C_Brown,GOM_2012_12,BFT,240,225,GOM,2012-05-02,2012-05-10,9
USA_NOAA,C_Brown,GOM_2012_12,BFT,240,225,CAR,2012-05-11,2012-05-16,6
USA_NOAA,C_Brown,GOM_2012_12,BFT,240,225,W_ATL,2012-05-17,2012-06-29,44
USA_NOAA,C_Brown,GOM_2012_16,BFT,210,180,GOM,2012-04-26,2012-05-09,14
USA_NOAA,C_Brown,GOM_2012_16,BFT,210,180,CAR,2012-05-10,2012-05-31,22
USA_NOAA,C_Brown,GOM_2012_16,BFT,210,180,W_ATL,2012-06-01,2012-06-28,28
USA_NOAA,C_Brown,GOM_2012_19,BFT,240,180,GOM,2012-04-25,2012-05-27,33
USA_NOAA,C_Brown,GOM_2012_19,BFT,240,180,CAR,2012-05-28,2012-06-11,15
USA_NOAA,C_Brown,GOM_2012_19,BFT,240,180,W_ATL,2012-06-12,2012-07-23,42
USA_NOAA,C_Brown,GOM_2012_20,BFT,240,225,GOM,2012-04-26,2012-05-21,26
USA_NOAA,C_Brown,GOM_2012_20,BFT,240,225,CAR,2012-05-22,2012-05-29,8
USA_NOAA,C_Brown,GOM_2012_20,BFT,240,225,W_ATL,2012-05-30,2012-06-01,3
USA_NOAA,C_Brown,GOM_2012_21,BFT,240,,GOM,2012-04-10,2012-05-03,24
USA_NOAA,C_Brown,GOM_2012_22,BFT,210,,GOM,2012-03-19,2012-06-22,96
USA_NOAA,C_Brown,GOM_2012_23,BFT,210,,GOM,2012-03-28,2012-05-03,37
USA_NOAA,C_Brown,GOM_2012_23,BFT,210,,CAR,2012-05-04,2012-05-07,4
USA_NOAA,C_Brown,GOM_2012_24,BFT,240,225,GOM,2012-04-25,2012-05-28,34
USA_NOAA,C_Brown,GOM_2012_24,BFT,240,225,CAR,2012-05-29,2012-06-03,6
USA_NOAA,C_Brown,GOM_2012_24,BFT,240,225,W_ATL,2012-06-04,2012-06-05,2
USA_NOAA,C_Brown,GOM_2012_24,BFT,240,225,W_ATL,2012-06-06,2012-06-15,10
USA_NOAA,C_Brown,GOM_2012_25,BFT,240,200,GOM,2012-05-13,2012-06-14,33
USA_NOAA,C_Brown,GOM_2012_25,BFT,240,200,CAR,2012-06-15,2012-06-18,4
USA_NOAA,C_Brown,GOM_2012_25,BFT,240,200,W_ATL,2012-06-19,2012-07-02,14
USA_NOAA,C_Brown,GOM_2012_26,BFT,210,180,GOM,2012-05-28,2012-06-14,18
USA_NOAA,C_Brown,GOM_2012_26,BFT,210,180,CAR,2012-06-15,2012-06-19,5
USA_NOAA,C_Brown,GOM_2012_26,BFT,210,180,W_ATL,2012-06-20,2012-07-29,40
USA_NOAA,C_Brown,GOM_2012_26,BFT,210,180,GSL,2012-07-30,2012-09-18,51
USA_NOAA,C_Brown,GOM_2012_27,BFT,240,225,GOM,2012-05-14,2012-06-14,32
USA_NOAA,C_Brown,GOM_2012_27,BFT,240,225,CAR,2012-06-15,2012-06-24,10
USA_NOAA,C_Brown,GOM_2012_27,BFT,240,225,W_ATL,2012-06-25,2012-07-11,17
USA_NOAA,C_Brown,GOM_2012_28,BFT,240,200,GOM,2012-05-17,2012-06-14,29
USA_NOAA,C_Brown,GOM_2012_28,BFT,240,200,CAR,2012-06-15,2012-06-16,2
USA_NOAA,C_Brown,GOM_2012_28,BFT,240,200,W_ATL,2012-06-17,2012-07-10,24
USA_NOAA,C_Brown,GOM_2012_30,BFT,240,225,GOM,2012-05-28,2012-06-30,34
USA_NOAA,C_Brown,GOM_2012_30,BFT,240,225,CAR,2012-07-01,2012-07-03,3
USA_NOAA,C_Brown,GOM_2012_30,BFT,240,225,W_ATL,2012-07-04,2012-09-21,80
USA_NOAA,C_Brown,GOM_2012_31,BFT,240,200,GOM,2012-05-25,2012-05-31,7
USA_NOAA,C_Brown,GOM_2012_31,BFT,240,200,CAR,2012-06-01,2012-06-06,6
USA_NOAA,C_Brown,GOM_2012_31,BFT,240,200,W_ATL,2012-06-07,2012-06-29,23
USA_NOAA,C_Brown,GOM_2012_31,BFT,240,200,GSL,2012-06-30,2012-08-16,48
USA_NOAA,C_Brown,GOM_2012_32,BFT,195,,GOM,2012-05-11,2012-05-19,9
USA_NOAA,C_Brown,GOM_2012_32,BFT,195,,CAR,2012-05-20,2012-05-29,10
USA_NOAA,C_Brown,GOM_2012_37,BFT,210,170,GOM,2012-05-23,2012-06-03,12
USA_NOAA,C_Brown,GOM_2012_37,BFT,210,170,CAR,2012-06-04,2012-06-13,10
USA_NOAA,C_Brown,GOM_2012_37,BFT,210,170,W_ATL,2012-06-14,2012-07-05,22
USA_NOAA,C_Brown,GOM_2012_41,BFT,240,200,GOM,2012-04-09,2012-05-22,44
USA_NOAA,C_Brown,GOM_2012_41,BFT,240,200,CAR,2012-05-23,2012-05-25,3
USA_NOAA,C_Brown,GOM_2012_41,BFT,240,200,W_ATL,2012-05-26,2012-06-20,26
USA_NOAA,C_Brown,GOM_2012_44,BFT,225,,GOM,2012-05-20,2012-06-01,13
USA_NOAA,C_Brown,GOM_2012_44,BFT,225,,CAR,2012-06-02,2012-06-08,7
USA_NOAA,C_Brown,GOM_2012_44,BFT,225,,W_ATL,2012-06-09,2012-07-11,33
USA_NOAA,C_Brown,GOM_2012_44,BFT,225,,GSL,2012-07-12,2012-07-12,1
USA_NOAA,C_Brown,GOM_2012_44,BFT,225,,W_ATL,2012-07-13,2012-07-17,5
USA_NOAA,C_Brown,GOM_2012_44,BFT,225,,GSL,2012-07-18,2012-07-18,1
USA_NOAA,C_Brown,GOM_2012_44,BFT,225,,W_ATL,2012-07-19,2012-07-20,2
USA_NOAA,C_Brown,GOM_2012_44,BFT,225,,GSL,2012-07-21,2012-08-05,16
USA_NOAA,C_Brown,GOM_2012_44,BFT,225,,W_ATL,2012-08-06,2012-08-07,2
USA_NOAA,C_Brown,GOM_2012_44,BFT,225,,GSL,2012-08-08,2012-08-09,2
USA_NOAA,C_Brown,GOM_2012_46,BFT,210,,GOM,2012-05-20,2012-05-29,10
USA_NOAA,C_Brown,GOM_2012_46,BFT,210,,CAR,2012-05-30,2012-06-05,7
USA_NOAA,C_Brown,GOM_2012_46,BFT,210,,W_ATL,2012-06-06,2012-07-02,27
USA_NOAA,C_Brown,GOM_2013_008,BFT,210,,GOM,2013-04-12,2013-05-25,44
USA_NOAA,C_Brown,GOM_2013_018,BFT,225,,GOM,2013-03-28,2013-05-30,64
USA_NOAA,C_Brown,GOM_2013_018,BFT,225,,CAR,2013-05-31,2013-06-05,6
USA_NOAA,C_Brown,GOM_2013_018,BFT,225,,W_ATL,2013-06-06,2013-06-07,2
USA_NOAA,C_Brown,GOM_2013_034,BFT,190,155,GOM,2013-05-12,2013-05-19,8
USA_NOAA,C_Brown,GOM_2013_034,BFT,190,155,CAR,2013-05-20,2013-05-22,3
USA_NOAA,C_Brown,GOM_2013_034,BFT,190,155,W_ATL,2013-05-23,2013-06-28,37
USA_NOAA,C_Brown,GOM_2013_034,BFT,190,155,GSL,2013-06-29,2013-08-09,42
USA_NOAA,C_Brown,GOM_2013_036,BFT,210,200,GOM,2013-05-14,2013-06-25,43
USA_NOAA,C_Brown,GOM_2013_036,BFT,210,200,CAR,2013-06-26,2013-07-06,11
USA_NOAA,C_Brown,GOM_2013_036,BFT,210,200,W_ATL,2013-07-07,2013-08-24,49
WWF,G_Quilez_Badia,66691,BFT,199,141,W_MED,2011-09-01,2011-09-26,26
WWF,G_Quilez_Badia,66694,BFT,251,234,SE_ATL,2012-05-14,2012-05-17,4
WWF,G_Quilez_Badia,66694,BFT,251,234,W_MED,2012-05-18,2012-06-05,19
WWF,G_Quilez_Badia,66696,BFT,149,59,W_MED,2011-09-01,2011-09-29,29
WWF,G_Quilez_Badia,66697,BFT,135,44,W_MED,2012-05-12,2012-11-11,184
WWF,G_Quilez_Badia,86234,BFT,,,W_MED,2009-09-13,2009-12-25,104
WWF,G_Quilez_Badia,86236,BFT,240,248,W_MED,2011-09-01,2011-11-03,64
WWF,G_Quilez_Badia,86238,BFT,,,W_MED,2009-08-16,2009-09-14,30
WWF,G_Quilez_Badia,86239,BFT,,,W_MED,2008-08-17,2008-10-26,71
WWF,G_Quilez_Badia,86241,BFT,,,W_MED,2008-08-16,2008-12-19,126
WWF,G_Quilez_Badia,86242,BFT,132,,W_MED,2009-09-14,2010-03-05,173
WWF,G_Quilez_Badia,86243,BFT,237,,SE_ATL,2011-05-27,2011-07-18,53
WWF,G_Quilez_Badia,86244,BFT,153,,W_MED,2010-09-24,2011-03-20,178
WWF,G_Quilez_Badia,86246,BFT,,,W_MED,2008-08-16,2008-10-15,61
WWF,G_Quilez_Badia,86247,BFT,160,73,W_MED,2009-08-27,2009-12-06,102
WWF,G_Quilez_Badia,86251,BFT,,,W_MED,2010-08-08,2010-09-25,49
WWF,G_Quilez_Badia,86253,BFT,,,W_MED,2008-08-17,2008-10-29,74
WWF,G_Quilez_Badia,86255,BFT,,,W_MED,2009-08-14,2009-10-23,71
WWF,G_Quilez_Badia,86256,BFT,,,W_MED,2009-09-04,2009-12-17,105
WWF,G_Quilez_Badia,97462,BFT,210,,SE_ATL,2011-05-27,2011-05-29,3
WWF,G_Quilez_Badia,97462,BFT,210,,W_MED,2011-05-30,2011-07-22,54
WWF,G_Quilez_Badia,97462,BFT,210,,SE_ATL,2011-07-23,2011-08-08,17
WWF,G_Quilez_Badia,97462,BFT,210,,E_ATL,2011-08-09,2011-10-14,67
WWF,G_Quilez_Badia,97462,BFT,210,,NE_ATL,2011-10-15,2011-10-25,11
WWF,G_Quilez_Badia,97462,BFT,210,,E_ATL,2011-10-26,2011-11-18,24
WWF,G_Quilez_Badia,97462,BFT,210,,NE_ATL,2011-11-19,2011-11-27,9
WWF,G_Quilez_Badia,97462,BFT,210,,E_ATL,2011-11-28,2011-12-11,14
WWF,G_Quilez_Badia,97462,BFT,210,,NC_ATL,2011-12-12,2012-01-02,22
WWF,G_Quilez_Badia,97462,BFT,210,,E_ATL,2012-01-03,2012-01-10,8
WWF,G_Quilez_Badia,97462,BFT,210,,NE_ATL,2012-01-11,2012-01-23,13
WWF,G_Quilez_Badia,97462,BFT,210,,E_ATL,2012-01-24,2012-02-09,17
WWF,G_Quilez_Badia,97462,BFT,210,,SE_ATL,2012-02-10,2012-02-10,1
WWF,G_Quilez_Badia,97462,BFT,210,,E_ATL,2012-02-11,2012-02-11,1
WWF,G_Quilez_Badia,97462,BFT,210,,SE_ATL,2012-02-12,2012-03-22,40
WWF,G_Quilez_Badia,97463,BFT,125,35,W_MED,2011-08-06,2012-04-05,244
WWF,G_Quilez_Badia,97466,BFT,260,,SE_ATL,2011-05-26,2011-07-19,55
WWF,G_Quilez_Badia,97468,BFT,95,,W_MED,2010-09-01,2010-11-11,72
WWF,G_Quilez_Badia,97470,BFT,96,,W_MED,2010-09-05,2010-11-02,59
WWF,G_Quilez_Badia,107360,BFT,135,,W_MED,2011-05-29,2011-08-25,89
WWF,G_Quilez_Badia,107362,BFT,136,,W_MED,2011-07-26,2011-09-29,66
WWF,G_Quilez_Badia,107363,BFT,134,,W_MED,2011-08-06,2012-02-09,188
WWF,G_Quilez_Badia,107364,BFT,144,,W_MED,2011-08-31,2012-06-30,305
WWF,G_Quilez_Badia,107365,BFT,155,,W_MED,2011-07-27,2011-09-01,37
WWF,G_Quilez_Badia,114006,BFT,,,SE_ATL,2012-05-14,2012-05-16,3
WWF,G_Quilez_Badia,114006,BFT,,,W_MED,2012-05-17,2012-07-13,58
WWF,G_Quilez_Badia,114006,BFT,,,SE_ATL,2012-07-14,2012-09-08,57
WWF,G_Quilez_Badia,114006,BFT,,,E_ATL,2012-09-09,2012-09-26,18
WWF,G_Quilez_Badia,114007,BFT,247,,SE_ATL,2012-05-16,2012-05-16,1
WWF,G_Quilez_Badia,114007,BFT,247,,W_MED,2012-05-17,2012-07-13,58
WWF,G_Quilez_Badia,114007,BFT,247,,SE_ATL,2012-07-14,2012-09-02,51
WWF,G_Quilez_Badia,114007,BFT,247,,E_ATL,2012-09-03,2012-09-17,15
WWF,G_Quilez_Badia,114008,BFT,,,SE_ATL,2012-05-15,2012-07-23,70
WWF,G_Quilez_Badia,114008,BFT,,,SC_ATL,2012-07-24,2012-07-31,8
WWF,G_Quilez_Badia,114009,BFT,254,,SE_ATL,2012-05-16,2012-10-18,156
WWF,G_Quilez_Badia,114009,BFT,254,,E_ATL,2012-10-19,2012-10-30,12
WWF,G_Quilez_Badia,114009,BFT,254,,SE_ATL,2012-10-31,2012-11-09,10
WWF,G_Quilez_Badia,114009,BFT,254,,E_ATL,2012-11-10,2012-11-10,1
WWF,G_Quilez_Badia,114009,BFT,254,,NC_ATL,2012-11-11,2012-11-24,14
WWF,G_Quilez_Badia,114009,BFT,254,,SC_ATL,2012-11-25,2012-12-30,36
WWF,G_Quilez_Badia,114009,BFT,254,,SE_ATL,2012-12-31,2013-01-19,20
WWF,G_Quilez_Badia,118755,BFT,,,SE_ATL,2012-05-16,2012-05-17,2
WWF,G_Quilez_Badia,118755,BFT,,,W_MED,2012-05-18,2012-07-14,58
WWF,G_Quilez_Badia,118755,BFT,,,SE_ATL,2012-07-15,2012-07-21,7
WWF,G_Quilez_Badia,118755,BFT,,,E_ATL,2012-07-22,2012-10-15,86
WWF,G_Quilez_Badia,118755,BFT,,,NE_ATL,2012-10-16,2012-10-24,9
WWF,G_Quilez_Badia,118756,BFT,243,,SE_ATL,2012-05-16,2012-06-20,36
WWF,G_Quilez_Badia,118756,BFT,243,,E_ATL,2012-06-21,2012-09-08,80
WWF,G_Quilez_Badia,118756,BFT,243,,NC_ATL,2012-09-09,2012-09-13,5
WWF,G_Quilez_Badia,118756,BFT,243,,E_ATL,2012-09-14,2012-09-14,1
WWF,G_Quilez_Badia,118756,BFT,243,,NC_ATL,2012-09-15,2012-09-17,3
WWF,G_Quilez_Badia,118756,BFT,243,,SC_ATL,2012-09-18,2012-10-04,17
WWF,G_Quilez_Badia,118756,BFT,243,,SE_ATL,2012-10-05,2012-10-06,2
WWF,G_Quilez_Badia,118756,BFT,243,,E_ATL,2012-10-07,2012-10-08,2
WWF,G_Quilez_Badia,118756,BFT,243,,NC_ATL,2012-10-09,2012-10-13,5
WWF,G_Quilez_Badia,118756,BFT,243,,SC_ATL,2012-10-14,2012-10-17,4
WWF,G_Quilez_Badia,118756,BFT,243,,NC_ATL,2012-10-18,2012-10-22,5
WWF,G_Quilez_Badia,118756,BFT,243,,SC_ATL,2012-10-23,2012-12-18,57
WWF,G_Quilez_Badia,118756,BFT,243,,NC_ATL,2012-12-19,2012-12-21,3
WWF,G_Quilez_Badia,118756,BFT,243,,E_ATL,2012-12-22,2013-01-19,29
WWF,G_Quilez_Badia,118758,BFT,246,,SE_ATL,2012-05-14,2012-06-14,32
WWF,G_Quilez_Badia,118760,BFT,230,,SE_ATL,2013-05-25,2013-05-25,1
WWF,G_Quilez_Badia,118760,BFT,230,,W_MED,2013-05-26,2013-07-19,55
WWF,G_Quilez_Badia,118760,BFT,230,,SE_ATL,2013-07-20,2013-07-26,7
WWF,G_Quilez_Badia,118760,BFT,230,,E_ATL,2013-07-27,2013-08-10,15
WWF,G_Quilez_Badia,118760,BFT,230,,NE_ATL,2013-08-11,2013-09-10,31
WWF,G_Quilez_Badia,118760,BFT,230,,NC_ATL,2013-09-11,2013-10-08,28
WWF,G_Quilez_Badia,118760,BFT,230,,W_ATL,2013-10-09,2013-10-14,6
WWF,G_Quilez_Badia,120081,BFT,203,,SE_ATL,2012-05-16,2012-05-19,4
WWF,G_Quilez_Badia,120081,BFT,203,,W_MED,2012-05-20,2012-06-20,32
WWF,G_Quilez_Badia,120084,BFT,238,,SE_ATL,2012-05-16,2012-06-24,40
WWF,G_Quilez_Badia,120086,BFT,206,,SE_ATL,2012-05-16,2012-05-18,3
WWF,G_Quilez_Badia,120086,BFT,206,,W_MED,2012-05-19,2012-06-21,34
WWF,G_Quilez_Badia,120088,BFT,265,,SE_ATL,2012-05-16,2012-06-20,36
WWF,G_Quilez_Badia,120441,BFT,214,,SE_ATL,2012-09-16,2012-09-25,10
WWF,G_Quilez_Badia,120441,BFT,214,,W_MED,2012-09-26,2012-10-04,9
WWF,G_Quilez_Badia,120441,BFT,214,,SE_ATL,2012-10-05,2012-10-05,1
WWF,G_Quilez_Badia,120441,BFT,214,,W_MED,2012-10-06,2012-11-09,35
WWF,G_Quilez_Badia,120441,BFT,214,,SE_ATL,2012-11-10,2013-01-21,73
WWF,G_Quilez_Badia,120441,BFT,214,,E_ATL,2013-01-22,2013-03-29,67
WWF,G_Quilez_Badia,120442,BFT,174,,W_MED,2012-09-09,2013-05-18,252
WWF,G_Quilez_Badia,120443,BFT,179,,W_MED,2012-08-11,2013-04-18,251
WWF,G_Quilez_Badia,120445,BFT,142,,W_MED,2012-09-09,2012-10-31,53
WWF,G_Quilez_Badia,120446,BFT,260,,SE_ATL,2013-05-21,2013-05-21,1
WWF,G_Quilez_Badia,120446,BFT,260,,W_MED,2013-05-22,2013-07-15,55
WWF,G_Quilez_Badia,120446,BFT,260,,SE_ATL,2013-07-16,2013-07-23,8
WWF,G_Quilez_Badia,120446,BFT,260,,E_ATL,2013-07-24,2013-09-06,45
WWF,G_Quilez_Badia,120447,BFT,242,,W_MED,2013-05-21,2013-06-11,22
WWF,G_Quilez_Badia,120451,BFT,179,,W_MED,2012-09-08,2013-01-11,126
WWF,G_Quilez_Badia,120452,BFT,199,,W_MED,2012-09-09,2013-02-09,154
WWF,G_Quilez_Badia,120453,BFT,102,,W_MED,2012-11-24,2012-12-16,23
WWF,G_Quilez_Badia,130543,BFT,245,,SE_ATL,2013-05-20,2013-06-11,23
WWF,G_Quilez_Badia,130543,BFT,245,,W_MED,2013-06-12,2013-07-17,36
WWF,G_Quilez_Badia,130543,BFT,245,,SE_ATL,2013-07-18,2013-07-18,1
WWF,G_Quilez_Badia,130545,BFT,232,,SE_ATL,2013-05-20,2013-06-02,14
WWF,G_Quilez_Badia,130546,BFT,240,,SE_ATL,2013-05-20,2013-07-17,59
WWF,G_Quilez_Badia,130546,BFT,240,,E_ATL,2013-07-18,2013-07-26,9
WWF,G_Quilez_Badia,130546,BFT,240,,NE_ATL,2013-07-27,2013-07-29,3
WWF,G_Quilez_Badia,130546,BFT,240,,E_ATL,2013-07-30,2013-10-07,70
WWF,G_Quilez_Badia,130547,BFT,235,,SE_ATL,2013-05-20,2013-06-19,31
WWF,G_Quilez_Badia,130547,BFT,235,,E_ATL,2013-06-20,2013-07-06,17
WWF,G_Quilez_Badia,130547,BFT,235,,NE_ATL,2013-07-07,2013-07-24,18
WWF,G_Quilez_Badia,130548,BFT,227,,SE_ATL,2013-05-20,2013-06-02,14
WWF,G_Quilez_Badia,130548,BFT,227,,W_MED,2013-06-03,2013-06-13,11
WWF,G_Quilez_Badia,130548,BFT,227,,SE_ATL,2013-06-14,2013-07-01,18
WWF,G_Quilez_Badia,130550,BFT,240,,SE_ATL,2013-05-21,2013-05-21,1
WWF,G_Quilez_Badia,130550,BFT,240,,W_MED,2013-05-22,2013-07-03,43
WWF,G_Quilez_Badia,130550,BFT,240,,SE_ATL,2013-07-04,2013-07-19,16
WWF,G_Quilez_Badia,130551,BFT,212,,SE_ATL,2013-05-21,2013-05-22,2
WWF,G_Quilez_Badia,130551,BFT,212,,W_MED,2013-05-23,2013-09-06,107
WWF,G_Quilez_Badia,130552,BFT,220,,SE_ATL,2013-05-21,2013-05-27,7
WWF,G_Quilez_Badia,130552,BFT,220,,W_MED,2013-05-28,2013-06-01,5
WWF,G_Quilez_Badia,137384,BFT,,,W_MED,2014-06-01,2014-06-19,19
WWF,G_Quilez_Badia,137385,BFT,,,W_MED,2014-05-31,2014-11-30,184
WWF,G_Quilez_Badia,890138,BFT,,,W_MED,2008-08-31,2009-09-26,392
WWF,G_Quilez_Badia,890152,BFT,,,W_MED,2008-08-31,2011-04-21,964
WWF,G_Quilez_Badia,118758B,BFT,246,,SE_ATL,2013-05-21,2013-05-27,7
WWF,G_Quilez_Badia,118758B,BFT,246,,W_MED,2013-05-28,2013-06-19,23
WWF,G_Quilez_Badia,118758B,BFT,246,,SE_ATL,2013-06-20,2013-06-29,10
WWF,G_Quilez_Badia,66691B,BFT,135,,W_MED,2011-09-01,2012-06-30,304
WWF,G_Quilez_Badia,66694B,BFT,138,,W_MED,2012-09-21,2012-11-21,62
WWF,G_Quilez_Badia,86235C,BFT,,,SE_ATL,2012-05-14,2012-05-16,3
WWF,G_Quilez_Badia,86235C,BFT,,,W_MED,2012-05-17,2012-06-02,17
WWF,G_Quilez_Badia,86237B,BFT,177,,W_MED,2011-08-12,2011-09-29,49
WWF,G_Quilez_Badia,86238C,BFT,143,,W_MED,2010-09-13,2011-05-18,248
WWF,G_Quilez_Badia,86238E,BFT,,,SE_ATL,2012-05-14,2012-05-17,4
WWF,G_Quilez_Badia,86238E,BFT,,,W_MED,2012-05-18,2012-07-09,53
WWF,G_Quilez_Badia,86238E,BFT,,,SE_ATL,2012-07-10,2012-07-17,8
WWF,G_Quilez_Badia,86238E,BFT,,,E_ATL,2012-07-18,2012-08-10,24
WWF,G_Quilez_Badia,86238E,BFT,,,NE_ATL,2012-08-11,2012-08-16,6
Unimar,A_Mariani,78228,BFT,125,,E_MED,2007-11-12,2008-01-09,59
Unimar,A_Mariani,78229,BFT,132,,E_MED,2007-11-12,2008-03-25,135
Unimar,A_Mariani,78231,BFT,142,,E_MED,2007-11-12,2008-04-15,156
Unimar,A_Mariani,78231,BFT,142,,W_MED,2008-04-16,2008-05-25,40
Unimar,A_Mariani,78232,BFT,130,,E_MED,2007-11-12,2008-05-20,191
Unimar,A_Mariani,78233,BFT,173,,E_MED,2007-11-12,2007-12-17,36
Unimar,A_Mariani,78235,BFT,153,,E_MED,2007-11-12,2008-05-15,186
Unimar,A_Mariani,78235,BFT,153,,W_MED,2008-05-16,2008-05-30,15
Unimar,A_Mariani,78236,BFT,135,,E_MED,2007-11-12,2008-05-25,196
Unimar,A_Mariani,145433,BFT,255,296,E_MED,2015-05-31,2015-06-08,9
Unimar,A_Mariani,145434,BFT,225,203,E_MED,2015-05-31,2015-06-07,8
Unimar,A_Mariani,145435,BFT,255,296,E_MED,2015-05-31,2015-06-14,15
Unimar,A_Mariani,145436,BFT,270,351,E_MED,2015-05-31,2015-06-12,13
Unimar,A_Mariani,145437,BFT,260,313,E_MED,2015-05-31,2015-06-07,8
Unimar,A_Mariani,145438,BFT,255,296,E_MED,2015-05-31,2015-06-26,27
Unimar,A_Mariani,145439,BFT,255,296,E_MED,2015-05-31,2015-06-23,24
Unimar,A_Mariani,145440,BFT,250,279,E_MED,2015-05-31,2015-06-15,16
Unimar,A_Mariani,145440,BFT,250,279,W_MED,2015-06-16,2015-06-19,4
Unimar,A_Mariani,145441,BFT,255,296,E_MED,2015-05-31,2015-06-14,15
Unimar,A_Mariani,145442,BFT,245,262,E_MED,2015-05-31,2015-06-04,5
Unimar,A_Mariani,145443,BFT,230,217,E_MED,2015-05-31,2015-06-11,12
Unimar,A_Mariani,145445,BFT,265,332,E_MED,2015-05-31,2015-07-19,50
Unimar,A_Mariani,145446,BFT,115,27,W_MED,2015-07-01,2015-08-19,50
Unimar,A_Mariani,145447,BFT,235,231,E_MED,2015-05-31,2015-06-07,8
Unimar,A_Mariani,145448,BFT,145,54,W_MED,2015-07-01,2015-07-08,8
Unimar,A_Mariani,145449,BFT,225,203,E_MED,2015-05-31,2015-06-05,6
Unimar,A_Mariani,145450,BFT,230,217,E_MED,2015-05-31,2015-06-07,8
Unimar,A_Mariani,145451,BFT,270,351,E_MED,2015-05-31,2015-06-09,10
Unimar,A_Mariani,145452,BFT,235,231,E_MED,2015-05-31,2015-06-06,7
Unimar,A_Mariani,145452,BFT,235,231,W_MED,2015-06-07,2015-06-18,12
Unimar,A_Mariani,145453,BFT,235,231,E_MED,2015-05-31,2015-06-20,21
Unimar,A_Mariani,145455,BFT,245,262,E_MED,2015-05-31,2015-06-04,5
Unimar,A_Mariani,145456,BFT,255,296,E_MED,2015-05-31,2015-06-23,24
Unimar,A_Mariani,145457,BFT,245,262,E_MED,2015-05-31,2015-06-13,14
Unimar,A_Mariani,145458,BFT,250,279,E_MED,2015-05-31,2015-06-12,13
Unimar,A_Mariani,145459,BFT,235,231,E_MED,2015-05-31,2015-06-13,14
Unimar,A_Mariani,145460,BFT,225,203,E_MED,2015-05-31,2015-06-07,8
Unimar,A_Mariani,145460,BFT,270,351,W_MED,2015-06-08,2015-06-27,20
Unimar,A_Mariani,145461,BFT,270,351,E_MED,2015-05-31,2015-06-27,28
Unimar,A_Mariani,145461,BFT,270,351,W_MED,2015-06-28,2015-07-11,14
Unimar,A_Mariani,145461,BFT,270,351,SE_ATL,2015-07-12,2015-07-18,7
Unimar,A_Mariani,145461,BFT,270,351,E_ATL,2015-07-19,2015-07-23,5
Unimar,A_Mariani,145462,BFT,265,332,E_MED,2015-05-31,2015-06-06,7
Unimar,A_Mariani,145463,BFT,240,246,E_MED,2015-05-31,2015-06-14,15
Unimar,A_Mariani,145464,BFT,250,279,E_MED,2015-05-31,2015-06-07,8
Unimar,A_Mariani,145465,BFT,115,27,W_MED,2015-07-01,2015-07-10,10
Unimar,A_Mariani,145466,BFT,260,313,E_MED,2015-05-31,2015-06-23,24
Unimar,A_Mariani,145466,BFT,260,313,W_MED,2015-06-24,2015-07-08,15
Unimar,A_Mariani,145466,BFT,260,313,SE_ATL,2015-07-09,2015-07-14,6
Unimar,A_Mariani,145466,BFT,260,313,E_ATL,2015-07-15,2015-08-02,19
Unimar,A_Mariani,145466,BFT,260,313,NE_ATL,2015-08-03,2015-08-17,15
Unimar,A_Mariani,145466,BFT,260,313,E_ATL,2015-08-18,2015-08-20,3
Unimar,A_Mariani,145466,BFT,260,313,NE_ATL,2015-08-21,2015-08-21,1
WWF,A_DiNatale,150293,BFT,234,197,SE_ATL,2015-05-30,2015-05-30,1
WWF,A_DiNatale,150293,BFT,234,197,W_MED,2015-05-31,2015-07-06,37
WWF,A_DiNatale,150293,BFT,234,197,SE_ATL,2015-07-07,2015-07-18,12
WWF,A_DiNatale,150294,BFT,231,190,SE_ATL,2015-06-01,2015-06-01,1
WWF,A_DiNatale,150294,BFT,231,190,W_MED,2015-06-02,2015-06-23,22
Unimar,A_DiNatale,150295,BFT,230,217,E_MED,2015-05-31,2015-06-05,6
WWF,A_DiNatale,150296,BFT,216,159,SE_ATL,2015-06-01,2015-06-01,1
WWF,A_DiNatale,150296,BFT,216,159,W_MED,2015-06-02,2015-07-10,39
WWF,A_DiNatale,150296,BFT,216,159,SE_ATL,2015-07-11,2015-07-16,6
WWF,A_DiNatale,150296,BFT,216,159,E_ATL,2015-07-17,2015-07-21,5
WWF,A_DiNatale,150384,BFT,196,121,SE_ATL,2015-05-30,2015-05-30,1
WWF,A_DiNatale,150384,BFT,196,121,W_MED,2015-05-31,2015-06-04,5
WWF,A_DiNatale,150385,BFT,224,175,SE_ATL,2015-06-01,2015-06-01,1
WWF,A_DiNatale,150385,BFT,224,175,W_MED,2015-06-02,2015-06-28,27
WWF,A_DiNatale,150386,BFT,220,166,SE_ATL,2015-05-31,2015-05-31,1
WWF,A_DiNatale,150386,BFT,220,166,W_MED,2015-06-01,2015-06-20,20
WWF,A_DiNatale,150388,BFT,189,109,SE_ATL,2015-05-31,2015-05-31,1
WWF,A_DiNatale,150388,BFT,189,109,W_MED,2015-06-01,2015-06-29,29
WWF,A_DiNatale,150389,BFT,237,204,SE_ATL,2015-05-28,2015-05-28,1
WWF,A_DiNatale,150389,BFT,237,204,W_MED,2015-05-29,2015-07-09,42
WWF,A_DiNatale,150389,BFT,237,204,SE_ATL,2015-07-10,2015-07-10,1
WWF,A_DiNatale,150390,BFT,210,146,W_MED,2015-06-01,2015-06-29,29
WWF,A_DiNatale,150391,BFT,210,147,SE_ATL,2015-05-30,2015-05-30,1
WWF,A_DiNatale,150391,BFT,210,147,W_MED,2015-05-31,2015-06-17,18
WWF,A_DiNatale,150392,BFT,205,138,SE_ATL,2015-05-30,2015-06-03,5
WWF,A_DiNatale,150392,BFT,205,138,W_MED,2015-06-04,2015-06-08,5
WWF,A_DiNatale,150393,BFT,225,177,SE_ATL,2015-06-01,2015-06-01,1
WWF,A_DiNatale,150393,BFT,225,177,W_MED,2015-06-02,2015-06-23,22
WWF,A_DiNatale,150394,BFT,212,150,SE_ATL,2015-05-28,2015-05-28,1
WWF,A_DiNatale,150394,BFT,212,150,W_MED,2015-05-29,2015-07-04,37
WWF,A_DiNatale,150395,BFT,240,211,SE_ATL,2015-05-30,2015-05-30,1
WWF,A_DiNatale,150395,BFT,240,211,W_MED,2015-05-31,2015-06-15,16
WWF,A_DiNatale,150396,BFT,191,113,SE_ATL,2015-05-31,2015-05-31,1
WWF,A_DiNatale,150396,BFT,191,113,W_MED,2015-06-01,2015-06-27,27
WWF,A_DiNatale,150397,BFT,222,171,W_MED,2015-05-31,2015-06-21,22
WWF,A_DiNatale,150398,BFT,225,177,SE_ATL,2015-05-31,2015-05-31,1
WWF,A_DiNatale,150398,BFT,225,177,W_MED,2015-06-01,2015-06-26,26
WWF,A_DiNatale,150398,BFT,225,177,E_MED,2015-06-27,2015-07-13,17
WWF,A_DiNatale,150398,BFT,225,177,W_MED,2015-07-14,2015-07-21,8
FEDERCOOPESCA,A_DiNatale,150399,BFT,112,24,W_MED,2015-07-23,2015-08-11,20
FEDERCOOPESCA,A_DiNatale,150400,BFT,125,35,W_MED,2015-07-23,2015-08-23,32
FEDERCOOPESCA,A_DiNatale,150401,BFT,117,27,W_MED,2015-07-23,2015-07-28,6
FEDERCOOPESCA,A_DiNatale,150402,BFT,125,35,W_MED,2015-07-23,2015-08-23,32
WWF,A_DiNatale,150403,BFT,239,209,SE_ATL,2015-05-30,2015-06-04,6
COMBIOMA,A_DiNatale,150404,BFT,104,21,W_MED,2015-07-01,2015-07-17,17
COMBIOMA,A_DiNatale,150405,BFT,110,25,W_MED,2015-07-01,2015-07-27,27
COMBIOMA,A_DiNatale,150406,BFT,139,48,W_MED,2015-07-01,2015-07-14,14
COMBIOMA,A_DiNatale,150407,BFT,192,119,W_MED,2015-07-01,2015-07-09,9
COMBIOMA,A_DiNatale,150409,BFT,93,16,W_MED,2015-07-01,2015-08-02,33
COMBIOMA,A_DiNatale,150410,BFT,111,26,W_MED,2015-07-01,2015-08-15,46
COMBIOMA,A_DiNatale,150411,BFT,163,76,W_MED,2015-07-01,2015-07-08,8
COMBIOMA,A_DiNatale,150412,BFT,,,W_MED,2015-07-01,2015-07-31,31
COMBIOMA,A_DiNatale,150413,BFT,123,34,W_MED,2015-07-01,2015-07-09,9
COMBIOMA,A_DiNatale,150414,BFT,,,W_MED,2015-07-01,2015-07-06,6
COMBIOMA,A_DiNatale,150415,BFT,127,38,W_MED,2015-07-01,2015-07-14,14
COMBIOMA,A_DiNatale,150416,BFT,164,77,W_MED,2015-07-01,2015-07-19,19
FEDERCOOPESCA,A_DiNatale,150418,BFT,115,27,W_MED,2015-07-23,2015-08-11,20
COMBIOMA,A_DiNatale,150419,BFT,104,21,W_MED,2015-07-01,2015-08-12,43
COMBIOMA,A_DiNatale,150420,BFT,,,W_MED,2015-07-01,2015-09-05,67
COMBIOMA,A_DiNatale,150421,BFT,134,43,W_MED,2015-07-01,2015-07-12,12
COMBIOMA,A_DiNatale,150422,BFT,156,66,W_MED,2015-07-01,2015-07-14,14
ESP_IEO,F_Abascal,54563,BFT,,,SE_ATL,2001-05-29,2001-07-07,40
ESP_IEO,F_Abascal,54563,BFT,,,E_ATL,2001-07-08,2001-07-31,24
ESP_IEO,F_Abascal,54563,BFT,,,NE_ATL,2001-08-01,2001-08-03,3
ESP_IEO,F_Abascal,66938,BFT,,,SE_ATL,2001-05-27,2001-05-27,1
ESP_IEO,F_Abascal,66938,BFT,,,W_MED,2001-05-28,2001-06-24,28
ESP_IEO,F_Abascal,66940,BFT,,,SE_ATL,2001-06-16,2001-06-22,7
ESP_IEO,F_Abascal,66940,BFT,,,W_MED,2001-06-23,2001-07-17,25
ESP_IEO,F_Abascal,66940,BFT,,,SE_ATL,2001-07-18,2001-08-01,15
ESP_IEO,F_Abascal,66940,BFT,,,E_ATL,2001-08-02,2001-08-23,22
ESP_IEO,F_Abascal,66940,BFT,,,SE_ATL,2001-08-24,2001-09-30,38
ESP_IEO,F_Abascal,66941,BFT,,,SE_ATL,2001-05-27,2001-05-27,1
ESP_IEO,F_Abascal,66941,BFT,,,W_MED,2001-05-28,2001-06-20,24
ESP_IEO,F_Abascal,66943,BFT,,,SE_ATL,2001-05-27,2001-05-27,1
ESP_IEO,F_Abascal,66943,BFT,,,W_MED,2001-05-28,2001-06-23,27
ESP_IEO,F_Abascal,66946,BFT,,,SE_ATL,2001-06-16,2001-06-16,1
ESP_IEO,F_Abascal,66946,BFT,,,W_MED,2001-06-17,2001-07-28,42
ESP_IEO,F_Abascal,66946,BFT,,,SE_ATL,2001-07-29,2001-07-29,1
ESP_IEO,F_Abascal,66946,BFT,,,W_MED,2001-07-30,2001-07-30,1
ESP_IEO,F_Abascal,66946,BFT,,,SE_ATL,2001-07-31,2001-08-05,6
ESP_IEO,F_Abascal,66946,BFT,,,W_MED,2001-08-06,2001-08-06,1
ESP_IEO,F_Abascal,66946,BFT,,,SE_ATL,2001-08-07,2001-08-07,1
ESP_IEO,F_Abascal,66946,BFT,,,W_MED,2001-08-08,2001-08-08,1
ESP_IEO,F_Abascal,66946,BFT,,,SE_ATL,2001-08-09,2001-08-13,5
ESP_IEO,F_Abascal,66946,BFT,,,W_MED,2001-08-14,2001-08-19,6
ESP_IEO,F_Abascal,66946,BFT,,,SE_ATL,2001-08-20,2001-08-20,1
ESP_IEO,F_Abascal,66946,BFT,,,W_MED,2001-08-21,2001-08-23,3
ESP_IEO,F_Abascal,66946,BFT,,,SE_ATL,2001-08-24,2001-08-25,2
ESP_IEO,F_Abascal,66946,BFT,,,W_MED,2001-08-26,2001-08-26,1
ESP_IEO,F_Abascal,66946,BFT,,,SE_ATL,2001-08-27,2001-08-28,2
ESP_IEO,F_Abascal,66946,BFT,,,W_MED,2001-08-29,2001-08-29,1
ESP_IEO,F_Abascal,66946,BFT,,,SE_ATL,2001-08-30,2001-09-02,4
ESP_IEO,F_Abascal,66946,BFT,,,W_MED,2001-09-03,2001-09-10,8
ESP_IEO,F_Abascal,66946,BFT,,,SE_ATL,2001-09-11,2001-09-16,6
ESP_IEO,F_Abascal,66946,BFT,,,W_MED,2001-09-17,2001-10-13,27
ESP_IEO,F_Abascal,66954,BFT,,,SE_ATL,2001-05-27,2001-05-27,1
ESP_IEO,F_Abascal,66954,BFT,,,W_MED,2001-05-28,2001-06-17,21
ESP_IEO,F_Abascal,66954,BFT,,,SE_ATL,2001-06-18,2001-06-24,7
ESP_IEO,F_Abascal,66954,BFT,,,E_ATL,2001-06-25,2001-07-03,9
ESP_IEO,F_Abascal,66954,BFT,,,NE_ATL,2001-07-04,2001-07-06,3
ESP_IEO,F_Abascal,66954,BFT,,,E_ATL,2001-07-07,2001-07-17,11
ESP_IEO,F_Abascal,66954,BFT,,,NC_ATL,2001-07-18,2001-08-17,31
ESP_IEO,F_Abascal,66956,BFT,,,SE_ATL,2001-06-02,2001-06-02,1
ESP_IEO,F_Abascal,66956,BFT,,,W_MED,2001-06-03,2001-07-22,50
ESP_IEO,F_Abascal,66961,BFT,,,SE_ATL,2001-05-27,2001-05-27,1
ESP_IEO,F_Abascal,66961,BFT,,,W_MED,2001-05-28,2001-06-24,28
ESP_IEO,F_Abascal,66961,BFT,,,SE_ATL,2001-06-25,2001-07-01,7
ESP_IEO,F_Abascal,66963,BFT,,,SE_ATL,2001-06-16,2001-07-12,27
ESP_IEO,F_Abascal,66963,BFT,,,W_MED,2001-07-13,2001-08-30,49
ESP_IEO,F_Abascal,66963,BFT,,,SE_ATL,2001-08-31,2001-09-13,14
ESP_IEO,F_Abascal,66963,BFT,,,E_ATL,2001-09-14,2001-09-21,8
ESP_IEO,F_Abascal,66964,BFT,,,SE_ATL,2001-05-30,2001-06-01,3
ESP_IEO,F_Abascal,66964,BFT,,,W_MED,2001-06-02,2001-06-26,25
ESP_IEO,F_Abascal,66964,BFT,,,SE_ATL,2001-06-27,2001-07-05,9
ESP_IEO,F_Abascal,66964,BFT,,,E_ATL,2001-07-06,2001-08-03,29
ESP_IEO,F_Abascal,66964,BFT,,,NC_ATL,2001-08-04,2001-09-14,42
ESP_IEO,F_Abascal,67276,BFT,,,SE_ATL,2001-06-02,2001-06-02,1
ESP_IEO,F_Abascal,67276,BFT,,,W_MED,2001-06-03,2001-06-28,26
ESP_IEO,F_Abascal,70601,BFT,,,SE_ATL,2001-05-26,2001-06-30,36
AZTI,I_Arregi,390540,BFT,64,,E_ATL,2007-08-18,2008-01-17,153
AZTI,I_Arregi,390540,BFT,64,,SE_ATL,2008-01-18,2008-02-01,15
AZTI,I_Arregi,390540,BFT,64,,E_ATL,2008-02-02,2008-02-07,6
AZTI,I_Arregi,390540,BFT,64,,SE_ATL,2008-02-08,2008-02-17,10
AZTI,I_Arregi,390540,BFT,64,,E_ATL,2008-02-18,2008-03-03,15
AZTI,I_Arregi,390540,BFT,64,,SE_ATL,2008-03-04,2008-04-18,46
AZTI,I_Arregi,390540,BFT,64,,SC_ATL,2008-04-19,2008-04-20,2
AZTI,I_Arregi,390540,BFT,64,,NC_ATL,2008-04-21,2008-05-15,25
AZTI,I_Arregi,390540,BFT,64,,E_ATL,2008-05-16,2008-12-11,210
AZTI,I_Arregi,390540,BFT,64,,NC_ATL,2008-12-12,2009-02-02,53
AZTI,I_Arregi,390540,BFT,64,,W_ATL,2009-02-03,2009-04-24,81
AZTI,I_Arregi,390540,BFT,64,,NC_ATL,2009-04-25,2009-06-01,38
AZTI,I_Arregi,390540,BFT,64,,E_ATL,2009-06-02,2009-08-02,62
AZTI,I_Arregi,90813,BFT,89,,E_ATL,2008-08-26,2009-03-22,209
AZTI,I_Arregi,90813,BFT,89,,SE_ATL,2009-03-23,2009-04-28,37
AZTI,I_Arregi,90813,BFT,89,,E_ATL,2009-04-29,2009-08-10,104
AZTI,I_Arregi,390579,BFT,67,,E_ATL,2005-09-01,2005-12-15,106
AZTI,I_Arregi,390579,BFT,67,,SE_ATL,2005-12-16,2006-01-23,39
AZTI,I_Arregi,390579,BFT,67,,E_ATL,2006-01-24,2006-03-30,66
AZTI,I_Arregi,390579,BFT,67,,SE_ATL,2006-03-31,2006-04-09,10
AZTI,I_Arregi,390579,BFT,67,,E_ATL,2006-04-10,2006-06-14,66
AZTI,I_Arregi,93712,BFT,107,,E_ATL,2009-09-22,2010-02-01,133
AZTI,I_Arregi,93714,BFT,103,,E_ATL,2009-09-22,2010-04-05,196
AZTI,I_Arregi,93714,BFT,103,,SE_ATL,2010-04-06,2010-05-09,34
AZTI,I_Arregi,93714,BFT,103,,E_ATL,2010-05-10,2010-05-18,9
AZTI,I_Arregi,49827,BFT,97,,E_ATL,2010-09-29,2011-01-03,97
AZTI,I_Arregi,49827,BFT,97,,SE_ATL,2011-01-04,2011-01-29,26
AZTI,I_Arregi,49856,BFT,98,,E_ATL,2010-09-29,2010-12-17,80
AZTI,I_Arregi,49856,BFT,98,,SE_ATL,2010-12-18,2011-04-20,124
AZTI,I_Arregi,49856,BFT,98,,E_ATL,2011-04-21,2011-04-21,1
AZTI,I_Arregi,49856,BFT,98,,SE_ATL,2011-04-22,2011-04-26,5
AZTI,I_Arregi,49856,BFT,98,,E_ATL,2011-04-27,2011-06-19,54
AZTI,I_Arregi,49880,BFT,93,,E_ATL,2010-09-29,2011-01-23,117
AZTI,I_Arregi,49880,BFT,93,,SE_ATL,2011-01-24,2011-05-26,123
AZTI,I_Arregi,49880,BFT,93,,E_ATL,2011-05-27,2011-06-02,7
AZTI,I_Arregi,79999,BFT,92,,E_ATL,2010-08-23,2010-09-04,13
AZTI,I_Arregi,79999,BFT,92,,SE_ATL,2010-09-05,2010-10-19,45
AZTI,I_Arregi,93710,BFT,91,,E_ATL,2010-08-23,2011-01-31,162
AZTI,I_Arregi,93710,BFT,91,,SE_ATL,2011-02-01,2011-02-02,2
AZTI,I_Arregi,93715,BFT,97,,E_ATL,2010-08-23,2011-05-23,274
AZTI,I_Arregi,49826,BFT,94,,E_ATL,2010-09-23,2010-11-04,43
AZTI,I_Arregi,49885,BFT,95,,E_ATL,2010-09-29,2010-10-02,4
AZTI,I_Arregi,49889,BFT,95,,E_ATL,2010-09-29,2010-10-11,13
AZTI,I_Arregi,93713,BFT,92,,E_ATL,2010-08-23,2010-09-14,23
AZTI,I_Arregi,80003,BFT,90,,E_ATL,2010-08-23,2011-01-31,162
AZTI,I_Arregi,80003,BFT,90,,SE_ATL,2011-02-01,2011-02-05,5
AZTI,I_Arregi,80003,BFT,90,,E_ATL,2011-02-06,2011-02-14,9
AZTI,I_Arregi,93709,BFT,110,,E_ATL,2009-09-22,2010-03-16,176
AZTI,I_Arregi,80001,BFT,95,,E_ATL,2010-08-23,2010-09-25,34
AZTI,I_Arregi,790068,BFT,70,,E_ATL,2007-08-18,2007-12-29,134
AZTI,I_Arregi,790068,BFT,70,,SE_ATL,2007-12-30,2008-01-04,6
AZTI,I_Arregi,790068,BFT,70,,E_ATL,2008-01-05,2008-01-06,2
AZTI,I_Arregi,790068,BFT,70,,SE_ATL,2008-01-07,2008-02-23,48
AZTI,I_Arregi,790068,BFT,70,,E_ATL,2008-02-24,2008-03-09,15
AZTI,I_Arregi,790068,BFT,70,,NC_ATL,2008-03-10,2008-04-05,27
AZTI,I_Arregi,790068,BFT,70,,SC_ATL,2008-04-06,2008-04-07,2
AZTI,I_Arregi,790068,BFT,70,,W_ATL,2008-04-08,2009-09-24,535
UCA,G_Aranda,86432,BFT,190-220,,W.MED,6/14/2009,7/20/2009,37
UCA,G_Aranda,86432,BFT,190-220,,SE.ATL,7/21/2009,7/26/2009,6
UCA,G_Aranda,86432,BFT,190-220,,E.ATL,7/27/2009,8/19/2009,24
UCA,G_Aranda,86432,BFT,190-220,,NE.ATL,8/20/2009,9/21/2009,33
UCA,G_Aranda,86432,BFT,190-220,,E.ATL,9/22/2009,9/23/2009,2
UCA,G_Aranda,86433,BFT,190-220,,W.MED,6/14/2009,6/26/2009,13
UCA,G_Aranda,86434,BFT,190-220,,W.MED,6/14/2009,7/22/2009,39
UCA,G_Aranda,86434,BFT,190-220,,SE.ATL,7/23/2009,8/3/2009,12
UCA,G_Aranda,86434,BFT,190-220,,E.ATL,8/4/2009,8/12/2009,9
UCA,G_Aranda,86435,BFT,190-220,,W.MED,6/14/2009,6/18/2009,5
UCA,G_Aranda,86437,BFT,190-220,,W.MED,6/14/2009,7/15/2009,32
UCA,G_Aranda,86439,BFT,190-220,,W.MED,6/14/2009,7/1/2009,18
UCA,G_Aranda,86441,BFT,190-220,,W.MED,6/14/2009,7/3/2009,20
UCA,G_Aranda,86443,BFT,190-220,,W.MED,6/14/2009,6/19/2009,6
UCA,G_Aranda,86444,BFT,190-220,,W.MED,6/14/2009,6/24/2009,11
UCA,G_Aranda,86446,BFT,190-220,,W.MED,6/14/2009,6/19/2009,6
UCA,G_Aranda,60519,BFT,190-220,,W.MED,6/8/2010,6/13/2010,6
UCA,G_Aranda,60520,BFT,190-220,,W.MED,6/8/2010,6/22/2010,15
UCA,G_Aranda,60521,BFT,190-220,,W.MED,6/8/2010,6/12/2010,5
UCA,G_Aranda,60522,BFT,190-220,,W.MED,6/8/2010,6/14/2010,7
UCA,G_Aranda,60545,BFT,190-220,,W.MED,6/8/2010,7/16/2010,39
UCA,G_Aranda,60546,BFT,190-220,,W.MED,6/8/2010,6/27/2010,20
UCA,G_Aranda,61125,BFT,190-220,,W.MED,6/8/2010,7/21/2010,44
UCA,G_Aranda,61125,BFT,190-220,,SE.ATL,7/22/2010,7/31/2010,10
UCA,G_Aranda,61125,BFT,190-220,,E.ATL,8/1/2010,8/7/2010,7
UCA,G_Aranda,61126,BFT,190-220,,W.MED,6/8/2010,7/6/2010,29
UCA,G_Aranda,61127,BFT,190-220,,W.MED,6/8/2010,7/16/2010,39
UCA,G_Aranda,61127,BFT,190-220,,SE.ATL,7/17/2010,7/26/2010,10
UCA,G_Aranda,61127,BFT,190-220,,E.ATL,7/27/2010,8/15/2010,20
UCA,G_Aranda,61127,BFT,190-220,,NE.ATL,8/16/2010,8/18/2010,3
UCA,G_Aranda,61127,BFT,190-220,,E.ATL,8/19/2010,8/30/2010,12
UCA,G_Aranda,61128,BFT,190-220,,W.MED,6/8/2010,6/29/2010,22
UCA,G_Aranda,61130,BFT,190-220,,W.MED,6/8/2010,7/21/2010,44
UCA,G_Aranda,61130,BFT,190-220,,SE.ATL,7/22/2010,7/24/2010,3
UCA,G_Aranda,864342,BFT,190-220,,W.MED,6/8/2010,7/4/2010,27
UCA,G_Aranda,864372,BFT,190-220,,W.MED,6/8/2010,7/16/2010,39
UCA,G_Aranda,86438,BFT,190-220,,W.MED,6/8/2010,7/18/2010,41
UCA,G_Aranda,86438,BFT,190-220,,SE.ATL,7/19/2010,8/20/2010,33
UCA,G_Aranda,86438,BFT,190-220,,E.ATL,8/21/2010,8/25/2010,5
UCA,G_Aranda,86440,BFT,190-220,,W.MED,6/8/2010,7/16/2010,39
UCA,G_Aranda,86440,BFT,190-220,,SE.ATL,7/17/2010,7/29/2010,13
UCA,G_Aranda,86440,BFT,190-220,,E.ATL,7/30/2010,8/30/2010,32
UCA,G_Aranda,864432,BFT,190-220,,W.MED,6/8/2010,7/7/2010,30
UCA,G_Aranda,864442,BFT,190-220,,W.MED,6/8/2010,7/22/2010,45
UCA,G_Aranda,86445,BFT,190-220,,W.MED,6/8/2010,6/9/2010,2
UCA,G_Aranda,605212,BFT,190-220,,W.MED,6/9/2011,6/22/2011,14
UCA,G_Aranda,605212,BFT,190-220,,SE.ATL,6/23/2011,7/2/2011,10
UCA,G_Aranda,605212,BFT,190-220,,E.ATL,7/3/2011,7/12/2011,10
UCA,G_Aranda,605212,BFT,190-220,,NE.ATL,7/13/2011,10/19/2011,99
UCA,G_Aranda,605462,BFT,190-220,,W.MED,6/9/2011,6/26/2011,18
UCA,G_Aranda,605462,BFT,190-220,,SE.ATL,6/27/2011,7/5/2011,9
UCA,G_Aranda,605462,BFT,190-220,,E.ATL,7/6/2011,9/8/2011,65
UCA,G_Aranda,605462,BFT,190-220,,NE.ATL,9/9/2011,9/30/2011,22
UCA,G_Aranda,72499,BFT,190-220,,W.MED,6/9/2011,7/4/2011,26
UCA,G_Aranda,72499,BFT,190-220,,SE.ATL,7/5/2011,7/15/2011,11
UCA,G_Aranda,72499,BFT,190-220,,E.ATL,7/16/2011,9/2/2011,49
UCA,G_Aranda,72499,BFT,190-220,,NE.ATL,9/3/2011,9/26/2011,24
UCA,G_Aranda,72499,BFT,190-220,,E.ATL,9/27/2011,10/23/2011,27
UCA,G_Aranda,72499,BFT,190-220,,NE.ATL,10/24/2011,11/5/2011,13
UCA,G_Aranda,72533,BFT,190-220,,W.MED,6/9/2011,6/19/2011,11
UCA,G_Aranda,72548,BFT,190-220,,W.MED,6/9/2011,6/24/2011,16
UCA,G_Aranda,605192,BFT,190-220,,W.MED,6/9/2011,6/29/2011,21
UCA,G_Aranda,605192,BFT,190-220,,SE.ATL,6/30/2011,7/6/2011,7
UCA,G_Aranda,605192,BFT,190-220,,E.ATL,7/7/2011,7/12/2011,6
UCA,G_Aranda,611272,BFT,190-220,,W.MED,6/9/2011,6/22/2011,14
UCA,G_Aranda,611302,BFT,190-220,,W.MED,6/9/2011,6/23/2011,15
UCA,G_Aranda,611302,BFT,190-220,,SE.ATL,6/24/2011,7/6/2011,13
UCA,G_Aranda,72470,BFT,190-220,,W.MED,6/9/2011,6/29/2011,21
UCA,G_Aranda,72497,BFT,190-220,,W.MED,6/9/2011,7/8/2011,30
UCA,G_Aranda,72498,BFT,190-220,,W.MED,6/9/2011,7/1/2011,23
UCA,G_Aranda,72498,BFT,190-220,,SE.ATL,7/2/2011,7/11/2011,10
UCA,G_Aranda,72498,BFT,190-220,,E.ATL,7/12/2011,8/23/2011,43
UCA,G_Aranda,864452,BFT,190-220,,W.MED,6/9/2011,6/30/2011,22
UCA,G_Aranda,107370,BFT,190-220,,W.MED,6/9/2011,7/9/2011,31
UCA,G_Aranda,107371,BFT,190-220,,W.MED,6/9/2011,6/30/2011,22
UCA,G_Aranda,107372,BFT,190-220,,W.MED,6/9/2011,6/20/2011,12
UCA,G_Aranda,107373,BFT,190-220,,W.MED,6/9/2011,7/22/2011,44
UCA,G_Aranda,107373,BFT,190-220,,SE.ATL,7/23/2011,8/15/2011,24
UCA,G_Aranda,107373,BFT,190-220,,E.ATL,8/16/2011,9/14/2011,30
UCA,G_Aranda,107374,BFT,190-220,,W.MED,6/9/2011,6/28/2011,20
UCA,G_Aranda,107375,BFT,190-220,,W.MED,6/9/2011,6/16/2011,8
